﻿﻿﻿﻿檔案名稱,說明,檔案格式,地圖網址,縣市別代碼,資料描述,圖資檔案使用方式,範圍說明,雙重座標系統
"臺中市114年建物成果資料","建物","shp","https://drive.google.com/file/d/1i8TxgAoLGCFdSe5Ug5550oKvjzzGPcr4/view?usp=sharing","66000","台中市建物面資料","從地圖網址下載取得SHP檔案，使用QGIS等開源軟體","大台中市全部","提供TWD97"
"臺中市113年建物成果資料","建物","shp","https://drive.google.com/file/d/1oBiYA2nLgOEt6wnb6awTX4g2gDjKnisX/view?usp=sharing","66000","台中市建物面資料","從地圖網址下載取得SHP檔案，使用QGIS等開源軟體","台中市19區","提供TWD97"
"臺中市113年1月GIS門牌號碼","門牌點位","csv","https://drive.google.com/file/d/11z_jXoRHzOZL-u38x5_1lcv9Ja6LhOiA/view?usp=sharing","66000","台中市門牌位置點位座標","從地圖網址下載取得csv檔案，使用QGIS開源軟體","大台中市","提供TWD97與WGS84"
"臺中市113年2月GIS門牌號碼","門牌點位","csv","https://drive.google.com/file/d/1MeGWAeqk-Y3s_T2RgP-Zj9DsOE4LZ0UW/view?usp=sharing","66000","台中市門牌位置點位座標","從地圖網址下載取得csv檔案，使用QGIS開源軟體","大台中市","提供TWD97與WGS84"
"臺中市113年3月GIS門牌號碼","門牌點位","csv","https://drive.google.com/file/d/1nfVWUX53I1MxI53pXptRWqIaOS3XK2Nh/view?usp=sharing","66000","台中市門牌位置點位座標","從地圖網址下載取得csv檔案，使用QGIS開源軟體","大台中市","提供TWD97與WGS84"
"臺中市113年4月GIS門牌號碼","門牌點位","csv","https://drive.google.com/file/d/1ZP6kPjK8V-B7wIcHLdYuYFldsoxTB3Pi/view?usp=sharing","66000","台中市門牌位置點位座標","從地圖網址下載取得csv檔案，使用QGIS開源軟體","大台中市","提供TWD97與WGS84"
"臺中市113年5月GIS門牌號碼","門牌點位","csv","https://drive.google.com/file/d/1PEpEaeHx6iun5AR3YdPHAIRUzOheZmys/view?usp=sharing","66000","台中市門牌位置點位座標","從地圖網址下載取得csv檔案，使用QGIS開源軟體","大台中市","提供TWD97與WGS84"
"臺中市113年6月GIS門牌號碼","門牌點位","csv","https://drive.google.com/file/d/1RvQx5UtSUUB9l4JSkxjEV9w4s4eIYzsh/view?usp=sharing","66000","台中市門牌位置點位座標","從地圖網址下載取得csv檔案，使用QGIS開源軟體","大台中市","提供TWD97與WGS84"
"臺中市113年7月GIS門牌號碼","門牌點位","csv","https://drive.google.com/file/d/1tNTLGwhd43UUxUbq6UvzppvENUDe_2AJ/view?usp=sharing","66000","台中市門牌位置點位座標","從地圖網址下載取得csv檔案，使用QGIS開源軟體","大台中市","提供TWD97與WGS84"
"臺中市113年8月GIS門牌號碼","門牌點位","csv","https://drive.google.com/file/d/1g0DZ9DK8mAVu73hELkT7L53bYvtZjXQU/view?usp=sharing","66000","台中市門牌位置點位座標","從地圖網址下載取得csv檔案，使用QGIS開源軟體","大台中市","提供TWD97與WGS84"
"臺中市113年9月GIS門牌號碼","門牌點位","csv","https://drive.google.com/file/d/1VRB1tv4YHlkNv4v7pKWA6CNQ_JdldqY8/view?usp=sharing","66000","台中市門牌位置點位座標","從地圖網址下載取得csv檔案，使用QGIS開源軟體","大台中市","提供TWD97與WGS84"
"臺中市113年10月GIS門牌號碼","門牌點位","csv","https://drive.google.com/file/d/1aKenbl63wplf2n_S3PBvSZ7grwM6V6z6/view?usp=sharing","66000","台中市門牌位置點位座標","從地圖網址下載取得csv檔案，使用QGIS開源軟體","大台中市","提供TWD97與WGS84"
"臺中市113年11月GIS門牌號碼","門牌點位","csv","https://drive.google.com/file/d/1yLQ9xtKOOf4YhvkTmZHq8aalBS-CKbQ8/view?usp=sharing","66000","台中市門牌位置點位座標","從地圖網址下載取得csv檔案，使用QGIS開源軟體","大台中市","提供TWD97與WGS84"
"臺中市113年12月GIS門牌號碼","門牌點位","csv","https://drive.google.com/file/d/1neFsvauidVi3jN4_fSrzi2St-JyCHc-9/view?usp=sharing","66000","台中市門牌位置點位座標","從地圖網址下載取得csv檔案，使用QGIS開源軟體","大台中市","提供TWD97與WGS84"
"臺中市114年1月GIS門牌號碼","門牌點位，因數量大excel無法全開啟，使用時須注意","csv","https://drive.google.com/file/d/135kPKXomAZDRza9FAHM3C-QIL5ha3mkC/view?usp=sharing","66000","台中市門牌與位置點位座標","從地圖網址欄位下載取得csv檔案","大台中市","提供TWD97與經緯度"
"臺中市114年2月GIS門牌號碼","門牌點位，因數量大excel無法全開啟，使用時須注意","csv","https://drive.google.com/file/d/1aFc_ACHwZ0dyeMs5oHrD8JnxynMzdHCo/view?usp=sharing","66000","台中市門牌與位置點位座標","從地圖網址欄位下載取得csv檔案","大台中市","提供TWD97與經緯度"
"臺中市114年3月GIS門牌號碼","門牌點位，因數量大excel無法全開啟，使用時須注意","csv","https://drive.google.com/file/d/14duHbcc7gGuJiEZ_g2q80fWWkkaOOuZP/view?usp=sharing","66000","台中市門牌與位置點位座標","從地圖網址欄位下載取得csv檔案","大台中市","提供TWD97與經緯度"
"臺中市114年4月GIS門牌號碼","門牌點位，因數量大excel無法全開啟，使用時須注意","csv","https://drive.google.com/file/d/1CgEKl6OxicVmqBnzZ2oie8srYZRc8q3c/view?usp=sharing","66000","台中市門牌與位置點位座標","從地圖網址欄位下載取得csv檔案","大台中市","提供TWD97與經緯度"
"臺中市114年5月GIS門牌號碼","門牌點位，因數量大excel無法全開啟，使用時須注意","csv","https://drive.google.com/file/d/1f-waxgKNHUScYcQWYV25idxc0weTS3s_/view?usp=sharing","66000","台中市門牌與位置點位座標","從地圖網址欄位下載取得csv檔案","大台中市","提供TWD97與經緯度"
"臺中市114年6月GIS門牌號碼","門牌點位，因數量大excel無法全開啟，使用時須注意","csv","https://drive.google.com/file/d/1Vc84uLDjWVLSJwvltIkNw8NC2HbYS_Qt/view?usp=sharing","66000","台中市門牌與位置點位座標","從地圖網址欄位下載取得csv檔案","大台中市","提供TWD97與經緯度"
"臺中市114年7月GIS門牌號碼","門牌點位，因數量大excel無法全開啟，使用時須注意","csv","https://drive.google.com/file/d/1FsCmmiIeTSXX71FxnMacNWepjnZHsP9Q/view?usp=sharing","66000","台中市門牌與位置點位座標","從地圖網址欄位下載取得csv檔案","大台中市","提供TWD97與經緯度"
"臺中市114年8月GIS門牌號碼","門牌點位，因數量大excel無法全開啟，使用時須注意","csv","https://drive.google.com/file/d/1vIC2fcmwhXgvyX1iSS-Wkj6ua51e98q3/view?usp=sharing","66000","台中市門牌與位置點位座標","從地圖網址欄位下載取得csv檔案","大台中市","提供TWD97與經緯度"
"臺中市114年9月GIS門牌號碼","門牌點位，因數量大excel無法全開啟，使用時須注意","csv","https://drive.google.com/file/d/1EHLplVF-9q1K7bwbV2Q7NsBSLYOSIhlG/view?usp=sharing","66000","台中市門牌與位置點位座標","從地圖網址欄位下載取得csv檔案","大台中市","提供TWD97與經緯度"
"臺中市114年10月GIS門牌號碼","門牌點位，因數量大excel無法全開啟，使用時須注意","csv","https://drive.google.com/file/d/13yYwGLVDGGLyX2sDlnShL7-YbYHDsDKi/view?usp=sharing","66000","台中市門牌與位置點位座標","從地圖網址欄位下載取得csv檔案","大台中市","提供TWD97與經緯度"
"臺中市114年11月GIS門牌號碼","門牌點位，因數量大excel無法全開啟，使用時須注意","csv","https://drive.google.com/file/d/1HCT-XBu3dXePn0IUzSahNjNDwNllYBAN/view?usp=sharing","66000","台中市門牌與位置點位座標","從地圖網址欄位下載取得csv檔案","大台中市","提供TWD97與經緯度"
"臺中市114年12月GIS門牌號碼","門牌點位，因數量大excel無法全開啟，使用時須注意","csv","https://drive.google.com/file/d/1VmvDnFMxFml2m4BRDD_rnp-kTBCHP8Cm/view?usp=sharing","66000","台中市門牌與位置點位座標","從地圖網址欄位下載取得csv檔案","大台中市","提供TWD97與經緯度"
"臺中市115年1月GIS門牌號碼","門牌點位，因數量大excel無法全開啟，使用時須注意","csv","https://drive.google.com/file/d/1oxPMFv5twHRSkK6BtlHD-8t2qfwGF1R9/view?usp=sharing","66000","台中市門牌與位置點位座標","從地圖網址欄位下載取得csv檔案","大台中市","提供TWD97與經緯度